Headline,Industry,College-Name-1,Degree-Name-1,Field-Of-Study-1,Activities-and-Societies-1,Activities-and-Societies--1,Job-Title-1,Company-Name-1,Dates-Employed-1,Employment-Duration-1,Location-1,College-Name-2,Degree-Name-2,Field-Of-Study-2,Activities-and-Societies-2,Activities-and-Societies--2,Job-Title-2,Company-Name-2,Dates-Employed-2,Employment-Duration-2,Location-2,College-Name-3,Degree-Name-3,Field-Of-Study-3,Activities-and-Societies-3,Activities-and-Societies--3,Job-Title-3,Company-Name-3,Dates-Employed-3,Employment-Duration-3,Location-3,College-Name-4,Degree-Name-4,Field-Of-Study-4,Activities-and-Societies-4,Activities-and-Societies--4,Job-Title-4,Company-Name-4,Dates-Employed-4,Employment-Duration-4,Location-4,College-Name-5,Degree-Name-5,Field-Of-Study-5,Activities-and-Societies-5,Activities-and-Societies--5,Job-Title-5,Company-Name-5,Dates-Employed-5,Employment-Duration-5,Location-5,College-Name-6,Degree-Name-6,Field-Of-Study-6,Activities-and-Societies-6,Activities-and-Societies--6,Job-Title-6,Company-Name-6,Dates-Employed-6,Employment-Duration-6,Location-6,skills
"Director of Data Science, Machine Learning at Walmart Global Tech",Machine Learning,,,,,,,,,,,,,,,,,,,,,,,,,,,,,,,,,,,,,,,,,,,,,,,,,,,,,,,,,,,,,
Leverage System-On-Chip Software and Deep Learning Expertise to build Computer Vision Systems for Autonomous Vehicles,Machine Learning,Telecom ParisTech,Master’s Degree,Digital Signal Processing and Pattern Recognition,"Fundamentals of Computer Vision, Digital Signal Processing, Communications, Communication Theory, Information Theory, Probabilistic Models, Higher Order Statisctics, Statistical Modeling, Signal and Noise, Random Processes, Time Frequency Time Scale Analysis, Bayesian Models, Stochastic Processes, Pattern Recognition, Speech Processing,  Beam Forming, Adaptive filtering, Kalman filtering, Detection, Prediction, Fundamentals of Radar and Sonar.",,Machine learning on Encrypted data Engineer,Intel Corporation,Nov 2018 – Present,3 yrs,"Folsom, CA",Udacity,Self-Driving Car Engineer NanoDegree Program,"Deep Learning, Computer Vision, Robotics for Driverless car",,,Deep Learning and Computer Vision Engineer,Contract Engineer,Oct 2016 – Oct 2017,1 yr 1 mo,"New York, NY - Folsom, CA",Udacity,Computer Vision,Georgia Tech -- 4 months course,,,Principal DSP Firmware Engineer,Qualcomm/Ikanos,Aug 2009 – Sep 2016,7 yrs 2 mos,"Red Bank, NJ",,,,,,Partner,Applix-Software LLC,Dec 2009 – Jun 2016,6 yrs 7 mos,State of Delaware,,,,,,Principal DSP Firmware Engineer,Conexant,Mar 2004 – Aug 2009,5 yrs 6 mos,"Red Bank, NJ",,,,,,,,,,,
Machine Learning Research Scientist - Deep Learning,Machine Learning,Carnegie Mellon University,Doctor of Philosophy (Ph.D.),Advanced Infrastructure Systems,,,Machine Learning Research Scientist - Deep Learning,searchable.ai,Aug 2020 – Present,1 yr 3 mos,"San Francisco, California, United States",Carnegie Mellon University,Master's Degree,Advanced Infrastructure Systems (AIS),,,Postdoctoral Researcher,Stanford University,Jan 2020 – Aug 2020,8 mos,,,,,,,Graduate Researcher,Carnegie Mellon University,May 2015 – Jan 2020,4 yrs 9 mos,Pittsburgh,,,,,,Intern,"HOMMA, Inc",May 2017 – Aug 2017,4 mos,"Palo Alto, California, United States",,,,,,,,,,,,,,,,,,,,,
Principal Data Scientist at Accenture,Machine Learning,"University of California, Santa Barbara",PhD,Mechanical Engineering,,,Principal (Manager) R&D Data Scientist,Accenture,Dec 2020 – Present,11 mos,San Francisco Bay Area,Sharif University of Technology,MSc,Applied Mechanics,,,Data Scientist,Evidation Health,May 2017 – Aug 2017,4 mos,,Isfahan University of Technology,BSc,Mechanical Engineering,,,Data Engineer Fellow,Insight Data Science,Jan 2017 – Feb 2017,2 mos,Palo Alto,,,,,,Postdoctoral Scholar,UC Santa Barbara,Aug 2013 – Sep 2016,3 yrs 2 mos,,,,,,,,,,,,,,,,,,,,,,
Vice President of Machine Learning at Walmart | IEEE Senior Member | Edelman Laureate,Machine Learning,California Institute of Technology,Doctor of Philosophy - PhD,"Aerospace, Aeronautical and Astronautical/Space Engineering",,,"Vice President of Machine Learning, Merchandising & Supply Chain, US",Walmart Global Tech,Feb 2020 – Present,1 yr 9 mos,"Sunnyvale, California, United States",HBX | Harvard Business School,Executive Education,Leadership | Strategy | Finance,,,Senior Data Science Manager,Uber,Feb 2017 – Jun 2018,1 yr 5 mos,"San Francisco, California",École Polytechnique,Masters,Mechanics,,,"Sr. Data Scientist, Sales & Monetization",Twitter,Jul 2013 – Jan 2015,1 yr 7 mos,San Francisco Bay Area,,,,,,"PhD Candidate, Aeronautics",California Institute of Technology,Jan 2010 – Apr 2013,3 yrs 4 mos,"Pasadena, CA",,,,,,Fellow,Insight Data Science,Jan 2013 – Mar 2013,3 mos,Mountain View,,,,,,,,,,,
"Director of Machine Learning at Tempus Labs, Inc.",Machine Learning,Università degli Studi di Padova,PhD,Information Engineering,,,Director of Machine Learning,"Tempus Labs, Inc.",Mar 2021 – Present,8 mos,"New York, NY, United States",University of California San Diego,"Visiting Scholar, PhD",Electrical and Computer Engineering,,,Scientific Advisor,"OOVA, Inc.",Aug 2018 – Present,3 yrs 3 mos,"New York, NY, United States",Università degli Studi di Padova,Ms,Computer Science Engineering,,,Assistant Professor,Icahn School of Medicine at Mount Sinai,Oct 2018 – Feb 2021,2 yrs 5 mos,"New York, NY, United States",,,,,,Postdoctoral Research Scientist,Columbia University,May 2012 – Apr 2014,2 yrs,"New York, NY, United States",,,,,,Research Engineer,UrFilez,May 2011 – Apr 2012,1 yr,"New York, NY, United States",,,,,,,,,,,
Hiring Applied Scientists at Amazon Machine Learning Solutions Lab in Chicago,Machine Learning,University of Notre Dame,PhD,Computer Science and Engineering,,,"Head of Central United States and Automotive Vertical, Amazon Machine Learning Solutions Lab",Amazon Web Services (AWS),Apr 2020 – Present,1 yr 7 mos,"Chicago, Illinois, United States",University of Notre Dame,MS,Computer Science and Engineering,,,Adjunct Assistant Professor,Northwestern University,Sep 2012 – Present,9 yrs 2 mos,,University of Science and Technology of China,B.S.,"MIS, Computer",,,Adjunct Faculty,Illinois Institute of Technology,Aug 2010 – Present,11 yrs 3 mos,,,,,,,Director of Engineering,HERE Technologies,Sep 2017 – Apr 2020,2 yrs 8 mos,"Chicago, IL",,,,,,"Panelist, Information and Intelligent Systems Division",National Science Foundation,2015 – 2020,5 yrs,,,,,,,,,,,,"Algorithms,Computer Vision,Image Processing"
Machine Learning and Recommendation,Machine Learning,Princeton University,Doctor of Philosophy (PhD),Electrical and Electronics Engineering,,,Machine Learning | ML for Personalization and Recommendation,Google,Jan 2019 – Present,2 yrs 10 mos,San Francisco Bay Area,Princeton University,Master of Arts (M.A.),Electrical and Electronics Engineering,,,ML Research Associate | ML for Security & Privacy,Princeton University,Feb 2017 – Jan 2019,2 yrs,,Sharif University of Technology,Bachelor's degree,Computer Engineering,,,Postdoctoral ML Research Associate | ML for Security & Privacy,Purdue University,Jan 2017 – Jan 2019,2 yrs 1 mo,,,,,,,Technical Advisor | ML for Distributed Applications,OpenFog Consortium (now combined with the IIC ),Dec 2016 – Dec 2018,2 yrs 1 mo,,,,,,,PHD Candidate | ML for Security & Privacy,Princeton University,Sep 2012 – Dec 2016,4 yrs 4 mos,"Princeton, NJ, USA",,,,,,,,,,,
Principal Consultant and Instructor at Harvard Extension School and University of Washington,Machine Learning,Princeton University,"Ph.D., MS",Geophysics,Held NSF John von Neuman supercomputing fellowship.,,Principal Consultant,"Quantia Analytics, LLC.",May 2008 – Present,13 yrs 6 mos,"Greater Seattle Area, Greater New York Area, London",The University of New Mexico,Bachelor of Science (BS),"Physics, Math",,,Instructor,Harvard Extension School,Sep 2016 – Present,5 yrs 2 mos,"Cambridge, Massachusetts, United States",,,,,,Instructor,University of Washington,Jan 2016 – Present,5 yrs 10 mos,,,,,,,"Cofounder, President and Member of Board of Directors",FinAnalytica Inc,2003 – 2008,5 yrs,"Greater Seattle Area, New York City",,,,,,VP Engineering and Chief Technical Officer,Ontain,1999 – 2001,2 yrs,Greater Seattle Area,,,,,,,,,,,
Data Scientist at Domestic & General,Machine Learning,"City, University of London",Master of Science - MS,Data Science,,,Senior Data Scientist,Domestic & General,Aug 2021 – Present,3 mos,"London, England, United Kingdom",Politecnico di Torino,Master of Engineering (M.Eng.),"Aerospace, Aeronautical and Astronautical Engineering",,,Data Scientist,ERS,Sep 2019 – Mar 2021,1 yr 7 mos,"London, England, United Kingdom",Ecole centrale de Lyon,Master of Science - MS,ERASMUS PROGRAMME - France,,,Data Scientist,Quantexa,Jul 2019 – Sep 2019,3 mos,"London, England, United Kingdom",,,,,,Technical Consultant,MSX International,Jan 2017 – Jan 2018,1 yr 1 mo,"Turin Area, Italy",,,,,,,,,,,,,,,,,,,,,
Senior Director Financial Planning & Analysis at PATH,Finance,MIT Sloan School of Management,Master of Business Administration (MBA),Strategy - Leadership,,,Senior Director Financial Planning & Analysis,PATH,Oct 2020 – Present,1 yr 1 mo,"Seattle, Washington, United States",Université des Sciences sociales (Toulouse I),"Master in Auditing, Financial control and Information systems",,,,Chief Financial Officer,Intech,Oct 2015 – Sep 2019,4 yrs,,Université des Sciences sociales (Toulouse I),Bachelor of Business Administration (B.B.A.),Finance and Management,,,Consultant Manager,"Grant Thornton LLP (formerly ARRYVE, LLC)",Sep 2014 – Sep 2015,1 yr 1 mo,Greater Seattle Area,,,,,,Regional Finance Director - European service units,Fenner Dunlop Americas,Jul 2010 – Jun 2013,3 yrs,,,,,,,Regional Finance Director - North Africa region,Merck,Jan 2008 – Jul 2010,2 yrs 7 mos,,,,,,,,,,,,
Finance Manager at Dyson,Finance,University of Warwick,Bachelor of Science (BSc),Economics,,,"Finance Manager, France",Dyson,Jul 2021 – Present,4 mos,"Paris, Île-de-France, France",Hayes School,,"Mathematics, Economics, French, Drama and Theatre Studies",,,Strategic Revenue Management Leader,Mars,Oct 2018 – Apr 2020,1 yr 7 mos,"Paris 16, Île-de-France, France",,,,,,Responsible Sourcing Intern,Mars,Jun 2014 – Sep 2014,4 mos,,,,,,,Sourcing Intern,Barclays,Mar 2014 – Apr 2014,2 mos,"London, United Kingdom",,,,,,,,,,,,,,,,,,,,,
"Partner, Expert Finance Management Solutions at International CFO Services",Finance,HEC School of Management,Master of Business Administration (M.B.A.),"Finance, Accounting, Taxation",,,Partner,International CFO Services,Jan 2016 – Present,5 yrs 10 mos,"Paris Area, France",University of Pennsylvania - The Wharton School,MBA Exchange,"Finance, Strategy",,,Finance and IT/IS Director France,DS Smith Packaging,Aug 2013 – Jul 2015,2 yrs,"Paris Area, France",University of Amsterdam,J.D.,Dutch Law and International (EC) Law,,"Member of the Editorial Board of Ars Aequi (National Dutch Law Magazine) for the Law Faculty of the University of Amsterdam (1978-1981);Intern European Commission Directorate-General Competition (DG IV), Brussels (1983)",CFO,ESI Group,Sep 2010 – Jul 2013,2 yrs 11 mos,"Paris, France",,,,,,CFO Division Remote Sites + Region Sodexo Asia - Australia,Sodexo,Sep 2006 – Apr 2010,3 yrs 8 mos,"Paris, France",,,,,,"Director, Project Manager Sarbanes Oxley",Lafarge,2005 – 2006,1 yr,"Paris Area, France",,,,,,,,,,,
Scalping- trend following- intraday trading- technical analyst,Finance,Université d'Orléans,Master degree in Finance and Bank option International economy and macroeconomics,"Finance and Bank option International economy, econometrics and macroeconomics",,,Scalping- intraday trading- swing trading- technical analyst,Independent,Jun 2016 – Present,5 yrs 5 mos,Western Europ,Université d'Orléans,Bachelor’s degree in International Economy option Finance,International Economics and finance,,,"Financial advisor, manager",Cousin Jacks Pasty Co.,Aug 2014 – Apr 2016,1 yr 9 mos,"Sydney, Australia",Lycee Pothier,Baccalaureate C,Mathematics and physics,,,Investment risk and quantitative market risk modeling manager,Chappuis Halder & Cie,Jul 2013 – Dec 2013,6 mos,"London, United Kingdom & Paris",,,,,,"Managing consultant, market risk expert",OTC Conseil,May 2010 – Jan 2012,1 yr 9 mos,,,,,,,Quantitative Market risk manager in Asset Management,IAG,Jul 2007 – Jun 2009,2 yrs,"Sydney, Australia",,,,,,,,,,,
incubation,Finance,Join Lion,,,,,Startup Engagement Manager,La French Tech,Apr 2020 – Present,1 yr 7 mos,"Paris, Île-de-France, France",Institut Supérieur de Gestion,Master of Business Administration (MBA) Finance and International markets,,,,Innovation Project Manager,RATP Dev,Sep 2018 – Apr 2020,1 yr 8 mos,,St. John's University,Management and Finance,,,,Project Manager,Paris&Co,May 2017 – Jun 2018,1 yr 2 mos,"Région de Paris, France",,,,,,Digital Marketer,NFinance Securities,Dec 2014 – Jan 2015,2 mos,"Région de Paris, France",,,,,,Business development / webmarketing,for startups,Jan 2013 – Sep 2014,1 yr 9 mos,"Asia, Canada and France",,,,,,,,,,,
Directeur administratif et financier France chez Korian,Finance,ESSEC Business School,Executive MBA,,,,Directeur administratif et financier France / CFO France,Korian,May 2018 – Present,3 yrs 6 mos,"Région de Paris, France",Université d'Évry,MSG,Finance,,,Head of Business Performance and Strategy,BRICO DEPOT,Apr 2013 – Mar 2014,1 yr,,,,,,,Senior Financial Analyst,Mc Donalds,Oct 2002 – Sep 2007,5 yrs,,,,,,,Business Analyst,MDTVISION,Oct 1999 – Oct 2002,3 yrs 1 mo,,,,,,,,,,,,,,,,,,,,,,
Operations Finance and Strategy Director,Finance,EGADE Business School,Master of Business Administration - MBA,Business/Corporate Communications,,,Operations Finance and Strategy Advisor,http://postingtargets1staffsperforman.godaddysites.com/,Apr 2013 – Present,8 yrs 7 mos,"Chicago, Illinois, United States",Universidad Panamericana,Diplomado,Contabilidad Internacional,,,General Manager,Standard Heating & Cooling,Jun 2020 – Jan 2021,8 mos,"Chicago, Illinois, United States",Universidad Autónoma de Guadalajara,Alta Dirección,Alta dirección,,,Chief Financial Officer,United Neighborhood Organization,Apr 2019 – Feb 2020,11 mos,United States,,,,,,Regional Financial Controller,Grupo Dico México,Nov 2015 – Mar 2019,3 yrs 5 mos,"Guadalajara, Jalisco, Mexico",,,,,,Director of the Coordination of Productive Units,Universidad Autónoma de Guadalajara,Aug 2008 – Nov 2015,7 yrs 4 mos,"Zapopan y alrededores, México",,,,,,,,,,,
I am a senior at Baruch College majoring in International Business double minoring in finance and sociology.Pursuing internship opportunities in the financial sector.,Finance,Baruch College,Bachelor of Business Administration - BBA,International Business,,Chi Alpha Epsilon,Managing Editor,Refract Magazine,Aug 2021 – Present,3 mos,New York City Metropolitan Area,,,,,,Native Partner,Conversation Partners Program,Oct 2020 – Present,1 yr 1 mo,New York City Metropolitan Area,,,,,,,,,,,,,,,,,,,,,,,,,,,,,,,,,,,,,,,,,"Communication,Microsoft Office,Writing"
"Director, Strategy & Policy at UK Finance",Finance,University of Bristol,BSc,Politics,,,"Director, Strategy & Policy",UK Finance,Jan 2021 – Present,10 mos,"London, United Kingdom","Presentation College, Reading",,,,,Head of Group Regulatory Policy,Lloyds Banking Group,Apr 2014 – Jul 2018,4 yrs 4 mos,"London, United Kingdom","Oxford Road Primary School, Reading",,,,,"Consultant, Policy, Risk & Research Division",Financial Conduct Authority,Jul 2013 – Apr 2014,10 mos,"London, United Kingdom",,,,,,"Director, Regulatory Development & Nations",Ofcom,Jul 2010 – Jun 2013,3 yrs,"London, United Kingdom",,,,,,"Director, Trade Operations",Department of Trade and Industry,Jun 2004 – Aug 2006,2 yrs 3 mos,"London, United Kingdom",,,,,,,,,,,
"EVP, CFO, Director of Finance",Finance,The London School of Economics and Political Science (LSE),Doctor of Philosophy (Ph.D.),Business/Managerial Economics,1979,,Finance and Insurance,Iependent Business Consoltant,Nov 1996 – Present,25 yrs,"San Francisco Bay Area, CA USA",,,,,,VP Finance and Sales Manaement,Groupetti Inc.,Mar 2013 – Aug 2015,2 yrs 6 mos,"Visalia, California Area",,,,,,Manager,Neo Advertising,Mar 2004 – Oct 2006,2 yrs 8 mos,,,,,,,,,,,,,,,,,,,,,,,,,,,,,,,,
Chief Accountant and Credit Controller  at BUCKINGHAM FINE ART LIMITED,Finance,ACCA,F1 Accountant,Business F2 Management Accounting,,,Chief Accountant and Credit Controller,BUCKINGHAM FINE ART LIMITED,Mar 2021 – Present,8 mos,"Bletchley, England, United Kingdom",BPP Professional Education,,2004,,,Finance Manager,Buckingham fine art,Sep 2020 – Mar 2021,7 mos,,"Cassio West Hertfordshire College, Watford",NVQ,AAT,,,Project Accountant,SSI SCHÄFER,Apr 2017 – Aug 2020,3 yrs 5 mos,"Towcester, England, United Kingdom",,,,,,Project Accountant,"P&MM, part of the Sodexo family",Sep 2010 – Nov 2016,6 yrs 3 mos,"Linford Wood, Milton Keynes",,,,,,Assistant Finance Analyst,Intervet/Schering-Plough Animal Health,Feb 2010 – Aug 2010,7 mos,"Walton Manor, Walton, Milton Keynes",,,,,,,,,,,
Head of Trust & Safety at Gemini,Finance,Columbia Engineering,BS,"Electrical Engineering, Philosophy",Teaching Assistant - Introduction to Electrical Engineering,,"Director, Trust & Safety",Gemini,Nov 2020 – Present,1 yr,Greater New York City Area,NYU Stern School of Business,MBA,"Finance, Strategy",Teaching Assistant - Corporate Finance,,Associate Principal,Google,Nov 2017 – Sep 2018,11 mos,San Francisco Bay Area,Deutsche Schule Istanbul / Alman Lisesi,High School Diploma,,,,Associate,Karbone,Jan 2013 – Nov 2013,11 mos,Greater New York City Area,,,,,,Summer Associate,Barclays Capital,Jun 2012 – Aug 2012,3 mos,Greater New York City Area,,,,,,Associate Principal,MMG Partners,Jan 2011 – Jul 2011,7 mos,Greater New York City Area,,,,,,,,,,,
"EdTech Product Development/Product Management, eTranscript Consultant. Entrepreneur, Parchment Co-Founder. Certified Scrum Product Owner (CSPO)",Product Manager,,,,,,,,,,,,,,,,,,,,,,,,,,,,,,,,,,,,,,,,,,,,,,,,,,,,,,,,,,,,,
Experienced Product Manager and Growth Expert,Product Manager,Harvard Law School,JD,Law,,,Chief Operating Officer,Refereum,Jul 2018 – Aug 2019,1 yr 2 mos,"San Francisco, CA",Massachusetts Institute of Technology,BS,Computer Science,,,Product Manager,Facebook,Mar 2017 – Jan 2018,11 mos,"Menlo Park, CA",,,,,,Vice-President of Products and Growth,HackerRank,Dec 2015 – Feb 2017,1 yr 3 mos,"Palo Alto, CA",,,,,,Product Manager,Facebook,Dec 2013 – Nov 2015,2 yrs,"Menlo Park, CA",,,,,,Vice-President of Growth,Nextdoor.com,Jan 2013 – Jun 2013,6 mos,"San Francisco, CA",,,,,,,,,,,
Lead Product Manager - Platform at Quantcast,Product Manager,Georgetown University,Ph.D.,Linguistics,,"Ph.D. Research Fellow, President Georgetown Students Linguistics Association",Lead Product Manager,Quantcast,Apr 2019 – Present,2 yrs 7 mos,San Francisco Bay Area,North Carolina State University,M.A.,Linguistics,,Teaching Assistantship,Product Manager - Content & Discovery,Flipboard,Oct 2016 – Dec 2018,2 yrs 3 mos,"Palo Alto, CA",,,,,,Senior Product Manager,Texture,Jun 2014 – Aug 2016,2 yrs 3 mos,Menlo Park,,,,,,Product Manager,AutoReturn,Jul 2009 – Mar 2014,4 yrs 9 mos,San Francisco,,,,,,"Senior Product Manager, Search & Advertising",Zvents,Sep 2008 – Jul 2009,11 mos,,,,,,,,,,,,
"Sr. Director of Product Management, Product Leader (NYSE:PAR)",Product Manager,San Diego State University-California State University,BA,Interdisciplinary Studies / CS Emphasis,,KCR -  General Manager,Sr. Director / General Manager,PAR Technology,Aug 2021 – Present,3 mos,"Encinitas, California, United States",Copenhagen Business School,,Strategic Management and Innovation,,,Sr. Product Manager,GoPro,Sep 2017 – Apr 2021,3 yrs 8 mos,"Carlsbad, CA",Grossmont High School,,,,"DECA, Toastmasters, Debate Team","Director, Product Management",Verve,Nov 2015 – Aug 2017,1 yr 10 mos,Greater San Diego Area,,,,,,Director of Product,"LocalStack (Formerly MojoPages, Inc.)",Jun 2014 – Nov 2015,1 yr 6 mos,Greater San Diego Area,,,,,,Sr. Product Manager / Market Lead,"hibu / Yellowbook, Inc.",Jul 2013 – Jun 2014,1 yr,Greater San Diego Area,,,,,,,,,,,
Strategic product manager and product owner that focuses on user experience,Product Manager,California State University-Dominguez Hills,Professional Certificate,Project Management,,,Product Owner,Wawanesa Insurance,Sep 2021 – Present,2 mos,San Diego Metropolitan Area,University of Phoenix,Bachelor of Science,Business Management,,,Product Manager,Petco,Oct 2020 – Sep 2021,1 yr,"San Diego, California, United States",,,,,,Product Manager,Evite,May 2019 – Oct 2020,1 yr 6 mos,Greater Los Angeles Area,,,,,,Product Manager,"Online Guru, Inc.",Jan 2018 – Mar 2019,1 yr 3 mos,Greater San Diego Area,,,,,,"Site Experience Manager, ProFlowers.com & ProPlants.com",FTD Companies,Mar 2016 – Dec 2017,1 yr 10 mos,Greater San Diego Area,,,,,,,,,,,
Product Manager @ Boston Scientific | MBA @ Kellogg,Product Manager,Northwestern University - Kellogg School of Management,Master of Business Administration - MBA,,,,Global Product Manager,Boston Scientific,Jan 2020 – Present,1 yr 10 mos,"Marlborough, Massachusetts",The Johns Hopkins University,Master of Science (MS),Biomedical/Medical Engineering,,,Senior Front End Innovation Leader,Becton Dickinson,Jan 2019 – Jan 2020,1 yr 1 mo,"Franklin Lakes, New Jersey",Rice University,BS,Bioengineering,,"Peer Career Advisor, Rice Biomedical Engineers Society, South Asian Society",Senior Consultant,Clinvue,Aug 2014 – Dec 2018,4 yrs 5 mos,"Baltimore, Maryland Area",,,,,,Technology Transfer Analyst Intern,Johns Hopkins Technology Transfer,Aug 2013 – May 2014,10 mos,"Baltimore, Maryland Area",,,,,,Undergraduate Research Assistant,Rice University,Sep 2010 – May 2013,2 yrs 9 mos,"Houston, Texas Area",,,,,,,,,,,
"Director, Product Management at Salesforce Pardot",Product Manager,Duke University,MEM,Engineering Management,,"Master of Engineering Management Program, Master of Engineering Management Program Development Committee (Student Activities Committee), Master of Engineering Management Program Mentor","Director, Product Management",Pardot,Aug 2020 – Present,1 yr 3 mos,"Portsmouth, New Hampshire, United States",University of New Hampshire,BSME,Mechanical Engineering,,"Society of Women Engineers, Order of Omega National Honor Society, Chi Omega","Product Manager, Yahoo Business Suite",Yahoo!,Jun 2013 – Jun 2015,2 yrs 1 mo,"Atlanta, Georgia",Budapest University of Technology and Economics,,Mechanical Engineering,,ERASMUS Student Exchange Participant,"Technical Product Manager, Social Analytics, Publishing, Moderation, SRM Administration",Oracle,Jul 2011 – May 2013,1 yr 11 mos,"Atlanta, Georgia",,,,,,"Technical Product Manager, Social Analytics, Publishing, Moderation, SRM Administration","Vitrue, Inc.",Jul 2011 – Jul 2012,1 yr 1 mo,"Atlanta, Georgia",,,,,,Mechanical Engineer II,BAE Systems,Jun 2008 – Aug 2010,2 yrs 3 mos,,,,,,,,,,,,
"Director, Product Strategy @ Workhuman |  Empowering the future of work through products that enhance human connections",Product Manager,,,,,,,,,,,,,,,,,,,,,,,,,,,,,,,,,,,,,,,,,,,,,,,,,,,,,,,,,,,,,
Global Product Manager at De Nora Water Technologies,Product Manager,Boston University,Double B.S,Marketing and Business Management,,,Global Product Manager,De Nora Water Technologies,Nov 2020 – Present,1 yr,,Newbury College,n/a,Computer Sciences,,Deans list: 1998,Senior Global Product Manager– Continuous Electrodeionization CEDI,Evoqua Water Technologies,Jan 2020 – Oct 2020,10 mos,"Lowell, MA",,,,,,Contract Pricing Administrator.,Smith & Nephew Endoscopy,Oct 2005 – Feb 2006,5 mos,"Andover, MA",,,,,,Customer Service Representative-Sales,TRU Connector Corp,Jul 2003 – Jul 2005,2 yrs 1 mo,"Peabody,MA",,,,,,Customer Service Technician.,Pitney Bowes Management Services,May 2002 – May 2003,1 yr 1 mo,,,,,,,,,,,,
Co-Founder and Product Manager at Grafton Studio,Product Manager,Dublin City University,Bachelor of Commerce (B.Com.),Marketing,,"The Enterprise Society, DCU Rugby",Co-Founder and Product Manager,Grafton Studio,Jun 2014 – Present,7 yrs 5 mos,"Boston, MA",The King's Hospital School,Irish Leaving Certificate,"English, Irish, Maths, Business, Economics, French, Chemistry",,,Account Manager,Boston Interactive,Jan 2012 – Jun 2014,2 yrs 6 mos,Greater Boston Area,,,,,,Sports and Sponsorship Executive,Pembroke Communications,Jun 2010 – Jan 2012,1 yr 8 mos,"Dublin, Ireland",,,,,,Online Manager,Paralympics Ireland,Feb 2011 – Dec 2011,11 mos,"Dublin, Ireland",,,,,,,,,,,,,,,,,,,,,
Senior eCommerce Marketing and Product Manager Ahold Delhaize - consumer eCommerce and digital analytics.,Product Manager,,,,,,,,,,,,,,,,,,,,,,,,,,,,,,,,,,,,,,,,,,,,,,,,,,,,,,,,,,,,,
Product Lead at Boston Consulting Group (BCG),Product Manager,University of Illinois at Chicago,Master of Business Administration (MBA),"Concentration in International Business and Entrepreneurship, 3.84 GPA",,Member of MBA Association and Student Ambassador at UIC Liautaud Graduate School of Business,Product Lead,Boston Consulting Group (BCG),Jun 2021 – Present,5 mos,"Chicago, Illinois, United States",Sholokhov Moscow State University for Humanities,"5 year degree in Education/Linguistics awarded with honors, 4.0 GPA",,,,Product Manager - Nielsen Connect,Nielsen,Jun 2018 – Jan 2021,2 yrs 8 mos,,,,,,,Market Research Analyst,Technomic Inc.,Jan 2014 – Feb 2015,1 yr 2 mos,,,,,,,MBA / Concentration in International Business and Entrepreneurship,University of Illinois at Chicago,Aug 2010 – May 2012,1 yr 10 mos,,,,,,,Product Development / Project Management,Outerwall Inc./Redbox,2011 – 2012,1 yr,,,,,,,,,,,,"Cross-functional Team Leadership,Agile Methodologies,Product Management"
Senior Business Analyst - Compliance Focus,Business,New York University,,Computer and Information Sciences,,,Senior Business Analyst,Deutsche Bank,Jul 2019 – Oct 2020,1 yr 4 mos,Greater New York City Area,Columbia | SIPA,,Political Science,,,Senior Business Analyst,Industrial and Commercial Bank of China via Vesta Compliance Solutions,Feb 2019 – Apr 2019,3 mos,Greater New York City Area,United States Navy,,Engineroom Supervisor - Main Propulsion,,,"Business Analyst, Data Quality Testing SME",MUFG,Aug 2018 – Dec 2018,5 mos,"Jersey City, NJ",,,,,,Oracle Mantas Enterprise Case Management SME,Global Asian Bank,Apr 2018 – May 2018,2 mos,"New York, NY",,,,,,BSA and USA PATRIOT Act SME,New York Partnership,Feb 2018 – Mar 2018,2 mos,"New Paltz, NY",,,,,,,,,,,
Management Consultant with Deep Banking and Capital Markets Experience,Business,Fordham Gabelli School of Business,MBA,Finance,,,LIBOR Transition Lead  – Global Technology Team,Citi,Apr 2021 – Present,7 mos,"New York, New York",University of Scranton,BS,Business Administration,,,Management Consultant - Rates Trading Group,MUFG,Nov 2020 – Mar 2021,5 mos,"New York, NY",,,,,,LIBOR Transition Lead – Retail Banking and Consumer Lending Group,HSBC,Jul 2019 – Jul 2020,1 yr 1 mo,"New York, NY",,,,,,Transformation and Program Management Group,BNY Mellon,2018 – 2019,1 yr,"New York, NY",,,,,,Global Change Management Group,MUFG Securities,2017 – 2018,1 yr,"New York, NY",,,,,,,,,,,
Business Analyst at McKinsey & Company,Business,University of Pennsylvania,Bachelor of Arts - BA,"Politics, Philosophy and Economics; Minor in HIstory",,"MUSE Consulting, Penn Debate Society, UPenn Students Federal Credit Union, Phi Chi Theta Business Fraternity, Gryphon Senior Society",Business Analyst,McKinsey & Company,Jul 2021 – Present,4 mos,San Francisco Bay Area,The Wharton School,,Minor in Legal Studies & History,,,Co-Founder and New Member Coordinator,Phi Chi Theta Business Fraternity,Oct 2018 – Present,3 yrs 1 mo,Greater Philadelphia Area,UWC South East Asia,International Baccalaureate,,,"President of UWC Debate,  Model United Nations, College Shop E-Commerce Department, Ummeed Fundraising Group, volunteer at Riding for the Disabled Singapore, Boys U19 Field Hockey Team",Associate Consultant Intern,Mastercard Data & Services,Jun 2020 – Jul 2020,2 mos,Washington D.C. Metro Area,,,,,,Assistant Director of Collections and Lending,Student Federal Credit Union at the University of Pennsylvania,Feb 2018 – Aug 2019,1 yr 7 mos,"Philadelphia, Pennsylvania",,,,,,"Management Consulting Intern, Customer & Operations",KPMG,May 2019 – Jul 2019,3 mos,India,,,,,,,,,,,
Senior Information Technology Professional | IT Strategist | Program Manager,Business,Fairfield University,Bachelor’s Degree,Computer Science,,,Principal Consultant,"Kelley Consulting Services, Inc.",Oct 2017 – Present,4 yrs 1 mo,"New York, NY",,,,,,Senior Consultant,QuintilesIMS,Oct 2016 – Oct 2017,1 yr 1 mo,"Plymouth Meeting, PA",,,,,,"Head, Business Computing Systems Division",Princeton Plasma Physics Lab,2009 – Sep 2016,7 yrs,"Princeton, NJ",,,,,,Project Manager,"M&O Systems, Inc.",2008 – 2009,1 yr,"New York, NY",,,,,,Sr. Consultant,The College Board,2008,less than a year,"New York, NY",,,,,,,,,,,
"Business Analyst at Chegg Inc. | Digital advertising nerd | 2 Masters and BA/BI experience | R, Python, SQL, Tableau & Excel",Business,,,,,,,,,,,,,,,,,,,,,,,,,,,,,,,,,,,,,,,,,,,,,,,,,,,,,,,,,,,,,
Business Analyst at McKinsey & Company,Business,Cornell University,Bachelor of Science (B.S.),"Charles H. Dyson School of Applied Economics and Management, Class of 2019",,Cornell Consulting Group - Director of ConsultingHotel Ezra Cornell - Wines Team Member and ServerPhi Sigma Sigma Sorority - PresidentLet's Get Coffee - Spring Admit Representative/E-board MemberCornell Hedge Fund Club - Former Associate,Business Analyst,McKinsey & Company,Sep 2019 – Present,2 yrs 2 mos,Greater New York City Area,Ridge High School,,,,"Forensics (Speech and Debate Team), Ethics Club, Co-Caption and Varsity Member Gymnastics Team, Secretary Autism Acceptance Club.",Summer Business Analyst,McKinsey & Company,Jun 2018 – Aug 2018,3 mos,,,,,,,Business Development Intern,C. R. Bard,Jun 2017 – Aug 2017,3 mos,"Murray Hill, NJ",,,,,,Social Business Consulting Intern,Mayor Potencial,Mar 2016 – Dec 2016,10 mos,"El Rodeito, Honduras",,,,,,Intern,"The Earth Institute, Columbia University",Jul 2014 – Aug 2014,2 mos,"New York, New York",,,,,,,,,,,
Business and data analyst,Business,Western Governors University,Master of Science - MS,Data Analytics,,,Business and data analyst,Napoleon IT,Dec 2018 – Present,2 yrs 11 mos,"NY, NY",Villanova University,Professional Certificate,Business Analysis,,Master Certificate in Business Analysis.,Business & Data Intelligence Analyst,InterPros Consulting for Innova Care Health,Jul 2018 – Oct 2018,4 mos,Remote,"The Graduate Center, City University of New York",BS,International Marketing and Computer Systems,,,Hands on Training Program,Cognizant,Mar 2018 – Jun 2018,4 mos,"Bronx, NY",,,,,,Senior Busines  Analyst,United Healthcare Medicare Solutions,Mar 2017 – Dec 2017,10 mos,New York City -  Remote Position,,,,,,Business Systems Analyst,"SE2, LLC",May 2016 – Dec 2016,8 mos,"Bridgewater, NJ",,,,,,,,,,,
"Business Analyst - McKinsey & Company 
| Incoming MBA Candidate - Deferred Admission Stanford GSB",Business,Stanford University Graduate School of Business,Incoming MBA Candidate - Deferred Admission,,,,Business Analyst,McKinsey & Company,Oct 2020 – Present,1 yr 1 mo,Greater Boston Area,Rutgers University-New Brunswick,Bachelor of Science - BS,Health/Health Care Administration/Management,,Honors College,Portfolio and Capability Management Co-Op,Johnson & Johnson,Jan 2020 – Oct 2020,10 mos,"Skillman, NJ",Fort Lee High School,"High School Diploma, International Baccalaureate",,,"Founder of Unplugged Club, Participant in Theatre and Chorus",Personal Trainer,24 Hour Fitness,Jun 2018 – Jun 2019,1 yr 1 mo,"Englewood Cliffs, NJ",,,,,,Course Creator,Productivity Despite Distractions,Dec 2017 – Jun 2018,7 mos,"New Brunswick, NJ",,,,,,Presenter,Elevate Education,May 2017 – Mar 2018,11 mos,"Hoboken, NJ",,,,,,,,,,,
"Business Development Intern at Choose New Jersey, Inc.",Business,Princeton University,Bachelor's degree,Princeton School of Public and International Affairs,,"Davis Scholar, Residential Butler College council Co-Chair of Community Building, Ultimate Disc Social Chair, International Leader for International Orientation.",Data and Business Analyst,TenMAS,Sep 2020 – Present,1 yr 2 mos,"Monterrey, Nuevo León, Mexico",The Lawrenceville School,High School Diploma,,,"Davis Scholar, Lawrentians school choir, Larries co-ed acapella group, The Contour online publication managing editor, Kennedy House Prefect, Ultimate disc, Mario Award 2017 recipient",Business Development Intern,"Choose New Jersey, Inc.",Feb 2021 – May 2021,4 mos,"Newark, New Jersey, United States",,,,,,"Founder, Co-host, Producer",Efecto Domino Podcast,Jun 2020 – Dec 2020,7 mos,,,,,,,Vice President,Princeton University Undergraduate Student Government,Feb 2020 – Sep 2020,8 mos,"Princeton, New Jersey, United States",,,,,,International Student Leader,Davis International Center at Princeton University,Feb 2019 – Sep 2020,1 yr 8 mos,,,,,,,,,,,,
Business Analyst at Cartier,Business,Columbia University in the City of New York,Bachelor of Arts,Economics,,"Kappa Phi Lambda, Multicultural Greek Council",Business Analyst,Cartier,Aug 2021 – Present,3 mos,New York City Metropolitan Area,Noble and Greenough School,High School Diploma,,,"Yearbook, Asian 2 Asian, Asian Culture Club, Crew/Rowing",Associate Planner,Proenza Schouler,Apr 2021 – Aug 2021,5 mos,New York City Metropolitan Area,,,,,,Assistant Merchandiser - Womenswear,Burberry,Oct 2020 – Apr 2021,7 mos,New York City Metropolitan Area,,,,,,Associate Merchandiser - Men's & Children's Licensing,Ralph Lauren,Aug 2016 – Apr 2017,9 mos,New York City Metropolitan Area,,,,,,Merchandising & Planning Intern,Ralph Lauren,Jun 2014 – Aug 2014,3 mos,New York City Metropolitan Area,,,,,,,,,,,
Software Engineer,Software Engineer,Old Dominion University,Bachelor of Science (B.S.),Computer Science,,Honors College,Site Reliability Engineer,New York City Cyber Command,Nov 2019 – Present,2 yrs,"New York, United States",,,,,,Founder,hyperdrive,Oct 2019 – Present,2 yrs 1 mo,"New York, United States",,,,,,Software Engineer,Cloudreach,Jan 2018 – Oct 2019,1 yr 10 mos,"New York, United States",,,,,,Software Engineer,Homes.com,May 2017 – Dec 2017,8 mos,"Norfolk, Virginia Area",,,,,,Recurser,Recurse Center,Nov 2016 – Feb 2017,4 mos,New York City,,,,,,,,,,,
Senior Software Engineer at Etsy,Software Engineer,State University of New York at Binghamton,Bachelor of Science (B.S.),Computer Science,,"HackBu, Club Soccer, Quimbamba Latin Dance Team",Senior Software Engineer,Etsy,Oct 2020 – Present,1 yr 1 mo,"Brooklyn, New York",West Hempstead High School,,,,"Varsity Soccer, National Honor Society, Stage Crew",Software Engineer,Bar and Club Stats,Nov 2017 – Nov 2018,1 yr 1 mo,New York,,,,,,Software Developer,Sonarcloud,Jul 2016 – Jan 2017,7 mos,,,,,,,,,,,,,,,,,,,,,,,,,,,,,,,,
Entrepreneur and software engineer,Software Engineer,Georgia Institute of Technology,Master of Science - MS,Computer Science,,,Principal Software Engineer,Tripadvisor,Mar 2021 – Present,8 mos,"New York, New York, United States",City University of New York City College,B.E.,Computer Engineering,,,Senior Software Engineer,SinglePlatform(Acquired by TripAdvisor ),2018 – Apr 2020,2 yrs,,Dewitt Clinton High School,,,,,Founder & CTO,Access Bazaar,Jan 2016 – Dec 2018,3 yrs,Greater New York City Area,,,,,,Senior Software Engineer,SEVENROOMS,Jan 2015 – Mar 2016,1 yr 3 mos,Greater New York City Area,,,,,,Software Engineer,Nomi,2013 – 2015,2 yrs,Greater New York City Area,,,,,,,,,,,"Python,JavaScript,Linux"
Software Engineer | Website Developer | Mobile Software & Application Developer | Founder of New York Software Lab,Software Engineer,,,,,,,,,,,,,,,,,,,,,,,,,,,,,,,,,,,,,,,,,,,,,,,,,,,,,,,,,,,,,
Director of Engineering at GitHub,Software Engineer,Massachusetts Institute of Technology,BS,Mechanical Engineering - Energy,,"Science and Engineering Business Club, Network for Sloan Undergraduate Women, Kappa Alpha Theta, Mechanical Engineering Student Group, Next House Exec, Next House Desk Captain",Director Of Engineering - Communities,GitHub,Jul 2020 – Present,1 yr 4 mos,San Francisco Bay Area,,,,,,Director,Write/Speak/Code,Aug 2016 – Dec 2018,2 yrs 5 mos,Remote,,,,,,Senior Software Engineer,Pivotal Labs,Aug 2015 – Nov 2017,2 yrs 4 mos,San Francisco,,,,,,Software Engineer and Product Manager,Floored,May 2014 – Jun 2015,1 yr 2 mos,New York City,,,,,,Software Engineer,Rent The Runway,Jul 2013 – Apr 2014,10 mos,New York City,,,,,,,,,,,
Full Stack Software Engineer,Software Engineer,Flatiron School,Certificate,Computer Software Engineering,,,Software Engineer III,Ticketmaster,Sep 2021 – Present,2 mos,Remote,University of North Georgia,,Business Administration,,,Full Stack Software Engineer,Upstream,Jan 2021 – Jul 2021,7 mos,New York City Metropolitan Area,Brenau University,,Business Administration,,,Software Engineer,Acoer,Mar 2020 – Jan 2021,11 mos,Greater New York City Area,,,,,,Full Stack Software Engineer,Freelance Software Development,Feb 2019 – Mar 2020,1 yr 2 mos,Greater New York City Area,,,,,,IT Engineer and Executive Administrator to CSO,International Value Advisers,Dec 2017 – Apr 2018,5 mos,"New York, NY",,,,,,,,,,,
Software Engineer at Trello,Software Engineer,Fullstack Academy of Code,,,,,Software Engineer,Trello,May 2020 – Present,1 yr 6 mos,,University of Maryland College Park,Bachelor of Science (BS),"Psychology, Neuroscience",,,"Software Engineer, Technical Lead",Cedrus Digital,Jan 2018 – May 2020,2 yrs 5 mos,"New York, New York",,,,,,"Co-Founder, WordPress Developer",Castillo Productions,Apr 2016 – Jan 2019,2 yrs 10 mos,"New York, NY",,,,,,"Production Coordinator, WordPress Developer",Non-Profit,Oct 2012 – Aug 2017,4 yrs 11 mos,"New York, NY",,,,,,Individual Support Technician,The Whole Self Center,Jun 2010 – Feb 2014,3 yrs 9 mos,"Annapolis, Maryland",,,,,,,,,,,
Director of Communications and Marketing at New Museum of Contemporary Art,Marketing,Boston College,Bachelor’s Degree,Philosophy,,"The Heights newspaper, Phi Beta Kappa, Presidential Scholars Program",Director of Communications and Marketing,New Museum of Contemporary Art,Nov 2020 – Present,1 yr 1 mo,"New York, United States",University of Oxford,,Philosophy,,The Oxford Student Newspaper,Communications Manager,The Museum of Modern Art,Apr 2013 – Feb 2017,3 yrs 11 mos,"New York, NY",Jesuit High School of New Orleans,High School,,,,Associate Publicist,Basic Books,Jun 2007 – May 2008,1 yr,"New York, NY",,,,,,Editorial Intern,BOMB Magazine,Jan 2006 – Apr 2006,4 mos,"Brooklyn, NY",,,,,,Radio Liaison Intern,CMJ,Jun 2003 – Aug 2003,3 mos,"New York, NY",,,,,,,,,,,
C-Suite Executive | Digital Leader | Senior Advisor | Board Member,Marketing,,,,,,,,,,,,,,,,,,,,,,,,,,,,,,,,,,,,,,,,,,,,,,,,,,,,,,,,,,,,,
"Vice President, Global Marketing at MAKEUP BY MARIO",Marketing,,,,,,,,,,,,,,,,,,,,,,,,,,,,,,,,,,,,,,,,,,,,,,,,,,,,,,,,,,,,,
"President, Global Travel & Lifestyle Services at American Express",Marketing,Trinity College Dublin,M.A. & B.Sc (management and marketing),"Marketing, Finance",,"Marketing Society, Drama and Arts Society, Active in Student Politics","President, Global Travel & Lifestyle Services",American Express,Feb 2018 – Present,3 yrs 10 mos,"New York, NY",,,,,,Vice President and General Manager,American Express,1999 – 2001,2 yrs,,,,,,,,,,,,,,,,,,,,,,,,,,,,,,,,,,,,,,,,,,
Associate Director of Marketing Strategy at The Michael J. Fox Foundation for Parkinson's Research,Marketing,Marist College,Master's degree,Integrated Marketing and Communications,,,Associate Director of Marketing Strategy,The Michael J. Fox Foundation for Parkinson's Research,Aug 2021 – Present,4 mos,United States,University of Scranton,Bachelor's degree,Health/Health Care Administration/Management,,"Treasurer of Wishmakers on Campus, Intramural Volleyball, Intramural Lacrosse, Health Administration",Marketing and Communications Manager,Ronald McDonald House New York,Feb 2018 – Sep 2021,3 yrs 8 mos,"New York, New York",King's College London,Bachelor's degree,"Humanities/Humanistic Studies, International Business",,Baking Society and Business Club,Marketing Coordinator,Sotheby's International Realty Affiliates LLC,Nov 2017 – Feb 2018,4 mos,"New York, New York",,,,,,Marketing Coordinator,St. Luke's Cornwall Hospital,Jun 2016 – Nov 2017,1 yr 6 mos,"Newburgh, NY",,,,,,Resource Development Intern,"Maternal And Family Health Services, Inc.",Feb 2016 – May 2016,4 mos,"Wilkes-Barre, PA",,,,,,,,,,,
Non-Profit and Corporate Marketing and Media Strategies | Develop and Communicate Creative Brand Experiences,Marketing,,,,,,,,,,,,,,,,,,,,,,,,,,,,,,,,,,,,,,,,,,,,,,,,,,,,,,,,,,,,,
"Growth Marketing Strategy & Execution for Education companies, EdTech start-ups and Nonprofits",Marketing,,,,,,,,,,,,,,,,,,,,,,,,,,,,,,,,,,,,,,,,,,,,,,,,,,,,,,,,,,,,,
Global Chief Marketing & Communications Officer at DDB Worldwide,Marketing,Quinnipiac University,BS,Marketing/Advertising,,WQAQ-FM College Radio Station  Promotions Director and Disc Jockey,Global Chief Marketing & Communications Officer,DDB,May 2021 – Present,7 mos,"New York, New York, United States","St. Thomas Aquinas High School, CT",,,,,"EVP, Marketing, Communications, Events & Partnerships",4A's,Nov 2019 – May 2021,1 yr 7 mos,Greater New York City Area,,,,,,NYC Chapter Co-Chair,"WIT - Women in Toys, Licensing & Entertainment (WIT)",May 2018 – May 2021,3 yrs 1 mo,"New York, New York",,,,,,"CEO & Chief Ideator | Author, Inventor, IP Creator",SKY-D8 Consulting & Ideation Studio,May 2018 – Nov 2019,1 yr 7 mos,Greater New York City Area,,,,,,"EVP, Product Development & Product Marketing, Softlines",The NPD Group,Aug 2016 – May 2018,1 yr 10 mos,Greater New York City Area,,,,,,,,,,,
Federal Government Contracts Attorney,Lawyer,Michigan State University College of Law,Juris Doctor,Law,,,Government Contracts Lawyer Washington DC & Colorado,"Watson & Associates, llC",Oct 2003 – Present,18 yrs 2 mos,Washington DC and Denver Colorado,Columbia College,B.S,Criminal Justice Administration,,,Professor,Columbia College,Mar 2002 – Present,19 yrs 9 mos,Greater Denver Area,Community College of the Air Force,AAS Training & Education Management,"Educational Leadership and Administration, General",,,Government Contracts Small Business Program Manager & Quality Assurance Manager,United States Air Force,Mar 2001 – Oct 2004,3 yrs 8 mos,,,,,,,Various Positions,United States Air Force - Retired,Feb 1980 – Feb 2000,20 yrs 1 mo,,,,,,,,,,,,,,,,,,,,,,
"J.D. Candidate, The George Washington University Law School",Lawyer,The George Washington University Law School,Doctor of Law - JD,,,"University Student Association, Student Bar Association, Asian Pacific American Law Student Association, East Asian Law Society","Fall Intern, Office of the Solicitor General",Office of the Attorney General for the District of Columbia,Sep 2021 – Present,3 mos,"Washington, District of Columbia, United States",New York University,Bachelor of Arts - BA,International Relations and Affairs,,"Phi Beta Kappa, New York University Model United Nations, International Relations Society at New York University, New York University Policy Case Competition","Executive Vice President, Student Bar Association",The George Washington University Law School,Apr 2021 – Present,8 mos,"Washington, District of Columbia, United States",Waseda University,International Exchange Student,School of Political Science and Economics,,,Member,International Law in Domestic Courts Journal,Jul 2020 – Present,1 yr 5 mos,"Washington, District of Columbia, United States",,,,,,"Chief Justice, Student Court",The George Washington University Student Association,May 2021 – Present,7 mos,"Washington, District of Columbia, United States",,,,,,"Judicial Intern to the Honorable Jonathan Biran, Court of Appeals of Maryland",Maryland Judiciary,May 2021 – Aug 2021,4 mos,"Annapolis, Maryland, United States",,,,,,,,,,,
Sullivan & Cromwell,Lawyer,University of Chicago Law School,Doctor of Law (JD),,,,Principal Deputy Solicitor General,U.S. Department of Justice,Mar 2017 – Jan 2021,3 yrs 11 mos,Washington D.C. Metro Area,Georgetown University,Bachelor of Arts (B.A.),,,,Co-Head of the Appellate Litigation Practice,Sullivan & Cromwell LLP,Nov 2013 – Mar 2017,3 yrs 5 mos,,,,,,,Assistant to the Solicitor General,U.S. Department of Justice,2008 – 2013,5 yrs,,,,,,,Associate,Kirkland & Ellis LLP,2006 – 2008,2 yrs,,,,,,,Law Clerk to the Honorable Clarence Thomas,U.S. Supreme Court,2004 – 2005,1 yr,,,,,,,,,,,,
"Senior Advisor, Civilian Harm Mitigation at Defense Security Cooperation Agency; USAF veteran and lawyer",Lawyer,Harvard Law School,Juris Doctor,Public International Law and National Security Law,,"Research Assistant for Harvard Law Program on International Law and Armed Conflict; Co-President Armed Forces Association; Harvard Graduate Student Leadership Institute; Pfoho House non-resident fellow; Advocates for Human Rights; Human Rights Clinic (field mission to Ukraine); Clara Barton moot court, 2nd place; Pictet IHL moot court semi-finalist.",Flight Commander,US Air Force Reserve,Mar 2021 – Present,9 mos,,Yale University,Master of Global Affairs,Conflict Resolution and Reconstruction,,,"Senior Advisor, Civilian Harm Mitigation",Defense Security Cooperation Agency,May 2019 – Present,2 yrs 7 mos,,University of Pennsylvania,BA,"International Relations, Psychology, Political Science",,,Term Member,Council on Foreign Relations,Jun 2021 – Present,6 mos,"Washington, District of Columbia, United States",,,,,,Next Generation National Security Fellow,Center for a New American Security (CNAS),Mar 2021 – Present,9 mos,,,,,,,Truman National Security Project Fellow,Truman National Security Project,Dec 2016 – Present,5 yrs,,,,,,,,,,,,"Defense,Military Operations,Intelligence"
"Antitrust Lawyer and Previous Chair, Antitrust Section of American Bar Ass'n",Lawyer,Rutgers University School of Law,Doctor of Law (JD),,,,Antitrust Lawyer and Past Chair,American Bar Association Section of Antitrust Law,Aug 2017 – Present,4 yrs 4 mos,,Vassar College,AB,"Science, Technology & Society",,,Partner/Sr of Counsel,Morrison & Foerster LLP,May 2012 – Jun 2020,8 yrs 2 mos,,,,,,,International and Programs Officer,Antitrust Section of ABA,Aug 2010 – Aug 2014,4 yrs 1 mo,,,,,,,Partner,Dewey & LeBoeuf LLP,Mar 2011 – May 2012,1 yr 3 mos,,,,,,,Partner,Howrey LLP,1980 – 2011,31 yrs,,,,,,,,,,,,
Director and Lawyer,Lawyer,Stanford University Law School,Juris Doctor (J.D.),,,,Director,Natural Resources Defense Council (NRDC),2007 – Present,14 yrs,Washington D.C. Metro Area,Yale University,Bachelor's Degree,,,,Associate,Powell Goldstein LLP,1991 – 1993,2 yrs,Washington D.C. Metro Area,,,,,,Judicial Law Clerk,Alaska Supreme Court,1990 – 1991,1 yr,"Anchorage, Alaska",,,,,,,,,,,,,,,,,,,,,,,,,,,,,,,
"Former Power Lawyer, Current Power Dad and Unorthodox Life Navigator, Host of UNLAWYERLY.com Podcast/Youtube",Lawyer,"The Catholic University of America, Columbus School of Law",Juris Doctorate,Law,,,Advisor,Ascia & Company LLC,Dec 2013 – Present,8 yrs,,University of Virginia,Masters of Science,Accounting,,,Founder,"My Personal Tax CPA, LLC",Jan 2010 – Present,11 yrs 11 mos,,University of Virginia,Bachelors of Science,Commerce: Accounting/Finance,,"	Alpha Kappa Psi Professional Business Fraternity: Pledge Class President, V.P. Administration	Beta Alpha Psi	National Society of Collegiate Scholars	Phi Eta Sigma Honor Society	Alpha Kappa Psi Academy",Lawyer,Nixon Peabody LLP,Mar 2020 – Jun 2021,1 yr 4 mos,"Washington, District of Columbia, United States",,,,,,Lawyer,Akin Gump Strauss Hauer & Feld LLP,Oct 2015 – Mar 2020,4 yrs 6 mos,Washington D.C. Metro Area,,,,,,Instructor,Becker Professional Review,Jan 2008 – May 2018,10 yrs 5 mos,,,,,,,,,,,,
"American lawyer and diplomat, Senior Fellow at American Enterprise Institute",Lawyer,,,,,,"American lawyer and diplomat, Senior Fellow",American Enterprise Institute,2006 – Present,15 yrs,,,,,,,3rd Under Secretary of State,Arms Control and International Security,May 2001 – Jul 2005,4 yrs 3 mos,,,,,,,18th Assistant Secretary of State,International Organization Affairs,Mar 1989 – Jan 1993,3 yrs 11 mos,,,,,,,,,,,,,,,,,,,,,,,,,,,,,,,,"Diplomacy,Public Speaking,Public Diplomacy"
Assistant General Counsel at Amentum Services Inc.,Lawyer,University of North Carolina at Chapel Hill,Doctor of Law (J.D.),Law,,,Assistant General Counsel,DynCorp International,Aug 2019 – Present,2 yrs 4 mos,"McLean, Virginia",University of North Carolina at Charlotte,Bachelor of Arts (B.A.),Political Science and Philosophy,,,Shareholder,Jackson Lewis P.C.,Mar 2013 – Feb 2018,5 yrs,"10701 Parkridge Blvd, Suite 300 Reston, Virginia 20191",,,,,,Attorney,U.S. Department of Labor,Oct 2006 – Mar 2013,6 yrs 6 mos,"200 Constitution Ave, Washington D.C. 20210",,,,,,,,,,,,,,,,,,,,,,,,,,,,,,,
"Founder & CEO of PatientPilot, patient advocate, journalist and lawyer",Lawyer,,,,,,,,,,,,,,,,,,,,,,,,,,,,,,,,,,,,,,,,,,,,,,,,,,,,,,,,,,,,,
Lawyer and Criminal Justice Reform Specialist,Lawyer,University of Ottawa,Master of Arts (M.A.),Criminology,,Criminology Graduate Students Association,Consultant,Organization of American States,Jan 2015 – Present,6 yrs 11 mos,Washington D.C. Metro Area,Universidade de São Paulo,Bachelor's degree,Law,,Legal clinic - Departamento Jurídico XI de Agosto; Volleyball Athletic Team; Organizing Team of graduation party,Graduate Student and Teaching Assistant,University of Ottawa,Sep 2012 – Sep 2014,2 yrs 1 mo,,,,,,,Intern,International Centre for the Prevention of Crime (ICPC),Oct 2011 – Apr 2012,7 mos,,,,,,,Lawyer,Departamento Jurídico XI de Agosto,Dec 2010 – Jul 2011,8 mos,,,,,,,Lawyer,"Podval, Antun, Indalecio Advogados Associados",Feb 2011 – Apr 2011,3 mos,,,,,,,,,,,,
Postdoctoral Researcher. Artificial Intelligence and Machine Learning,Machine Learning,Massachusetts Institute of Technology,MEng,Computer Science,,,Postdoctoral Researcher,Microsoft,Jul 2021 – Present,6 mos,New York City Metropolitan Area,Oxford University,Computational Biology,Computational Biology,,,PhD,UC Berkeley,Jan 2016 – Jul 2021,5 yrs 7 mos,,University of Cambridge,Master's degree,Theoretical Mathematics,,,Visiting PhD Student Researcher,Facebook AI,Dec 2020 – Jun 2021,7 mos,San Francisco Bay Area,,,,,,PhD Student Researcher,Microsoft,May 2020 – Aug 2020,4 mos,"Berkeley, California, United States",,,,,,Visiting PhD Student Researcher,Facebook,Oct 2019 – May 2020,8 mos,San Francisco Bay Area,,,,,,,,,,,
DataRobot. Senior Machine Learning Engineer & Data Scientist. Founder of AI Consulting.,Machine Learning,Harvard University,Masters,,,"Coursework / Activities:Mathematics,Finance,Business,& Economics",Data Science and Machine Learning Engineer,DataRobot,Mar 2019 – Present,2 yrs 10 mos,Greater Boston Area,University of Colorado Boulder,Double Degree: Bachelor of Science (BS)/Bachelor of Arts (BA),Chemical & Biological Engineering; Economics: Quantitative,,"Ronald E. McNair Post-Baccalaureate Achievement Program,American Institute of Chemical Engineers (AIChE),Mexican American Engineers and Scientists (MAES),Society of Hispanic Professional Engineers (SHPE),National Institutes of Health (NIH) Scholars Program for Diversity in the Biosciences,NIH/Howard Hugh Medical Institute (HHMI) Scholars Exploring Research Program,Undergraduate Research Opportunities Program,University of Colorado Student Government (CUSG)",Founder,"AI Consulting, LLC",2013 – Present,8 yrs,Greater Boston Area,,,,,,Co-Founder,lendable,Jan 2017 – Dec 2018,2 yrs,Greater Boston Area,,,,,,Data Scientist,UTC Aerospace Systems,May 2017 – Jan 2018,9 mos,Greater Boston Area,,,,,,Operations Manager/Data Management & Analysis,SIOC INC,Nov 2015 – Apr 2017,1 yr 6 mos,HQ Greater Denver Area,,,,,,,,,,,
Senior Genomic Data Scientist at Insitro,Machine Learning,"Tata Institute of Fundamental Research, Mumbai",Doctor of Philosophy (PhD),,,"Mentored three student trainees in successful dissertation projects. Teaching Assistant for pre-calculus course.  Organizational role in four academic conferences, as well as journal clubs, summer courses for undergraduates and lecture series.  Delivered guest lectures for undergraduate and graduate classes at Bangalore University.",Senior Genomic Data Scientist,insitro,Aug 2021 – Present,5 mos,,Delhi University,Bachelor of Science (B.Sc.) with Honors,Biochemistry,,"President, Science Association.",Senior Scientist (Deep Learning & Genomics),NVIDIA,Jun 2020 – Aug 2021,1 yr 3 mos,San Francisco Bay Area,"Tata Institute of Fundamental Research, Mumbai",Master of Science - MSc,Biology,,,Postdoctoral Researcher (Genomics / Machine Learning),Stanford University,Jan 2017 – Dec 2018,2 yrs,San Francisco Bay Area,,,,,,Graduate Student (Genomics),National Centre for Biological Sciences,Aug 2010 – Apr 2016,5 yrs 9 mos,"Bengaluru Area, India",,,,,,Summer Intern (Neuroscience),National Centre for Biological Sciences,May 2009 – Jul 2009,3 mos,"Bengaluru Area, India",,,,,,,,,,,
Machine Learning Consultant at Neurable,Machine Learning,Stanford University,Doctor of Philosophy - PhD,Neuroscience,,,Machine Learning Consultant,Neurable,Mar 2021 – Present,10 mos,,Brandeis University,Master of Science - MS,Neuroscience,,Thesis title: Connectional Constraints and Feed-Forward Inhibition Allow the Development of RobustCortical Direction Selectivity from Sparse Initial Inputs,Technical Associate I,Massachusetts Institute of Technology,May 2019 – Mar 2021,1 yr 11 mos,Greater Boston Area,Brandeis University,Bachelor of Science - BS,Neuroscience,,Phi beta KappaCaptain of TRON Brandeis Men's Ultimate,Research Affiliate,Massachusetts General Hospital,May 2019 – Mar 2020,11 mos,,,,,,,Lead 8th and 10th grade English teacher,Institute of Education Jorge Robledo,Mar 2018 – Aug 2018,6 mos,"Medellin, Colombia",,,,,,Undergraduate Assistant,"Center for German and European Studies, Brandeis University",Oct 2014 – May 2017,2 yrs 8 mos,"Waltham, MA",,,,,,,,,,,
Head of Data Science | AI for Good | ex-professor,Machine Learning,Boston University,B.A.,Political Science,,"Habitat for Humanity, Alpha Phi Omega, Public Relations Student Society of America",Head of Data Science,Shelf Engine,Dec 2020 – Present,1 yr 1 mo,,University of Rochester,Ph.D. in Political Science,"Game Theory, Quantitative Methods, International Relations",,,Head of Data Science and Engineering,Insight Data Science,Jul 2019 – Mar 2020,9 mos,,,,,,,Data Science Lead,Odetta.ai,Jul 2019 – Mar 2020,9 mos,,,,,,,Assistant Professor Of Political Science,Emory University,Sep 2013 – Aug 2018,5 yrs,"Atlanta, GA",,,,,,"Postdoctoral Fellow, Government Department",Harvard University,Sep 2011 – Jun 2013,1 yr 10 mos,"Cambridge, MA",,,,,,,,,,,
Senior Data Scientist at Boston Consulting Group (BCG),Machine Learning,Columbia University in the City of New York,Master of Science - MS,Data Science,,,Senior Data Scientist,Boston Consulting Group (BCG),Feb 2021 – Present,11 mos,New York City Metropolitan Area,"Indian Institute of Technology, Bombay",Bachelor of Technology (B.Tech.),Chemical Engineering,,,Senior Data Scientist,BCG GAMMA,Feb 2021 – Present,11 mos,New York City Metropolitan Area,,,,,,Data Scientist,Boardroom Alpha,Sep 2018 – Dec 2018,4 mos,Greater New York City Area,,,,,,Research Assistant,Columbia University in the City of New York,Oct 2017 – Dec 2018,1 yr 3 mos,Greater New York City Area,,,,,,Summer Data Scientist,The Boston Consulting Group (BCG),Jun 2018 – Aug 2018,3 mos,Greater Boston Area,,,,,,,,,,,
Lead Product Manager at Orchard,Product Manager,New York University - Leonard N. Stern School of Business,BS,Finance,,,Lead Product Manager,Orchard,2021 – Present,less than a year,"New York, New York, United States",,,,,,Co-Founder & CEO,Trendsy,2020 – 2021,1 yr,"New York, New York, United States",,,,,,Head of Product,KidPass,2017 – 2020,3 yrs,Greater New York City Area,,,,,,Product,MealPal,2016 – 2017,1 yr,,,,,,,Co-founder,"RoundTable, Inc.",2015 – 2016,1 yr,New York City,,,,,,,,,,,
Senior Engineering Manager at The New York Times,Product Manager,State University of New York at New Paltz,Bachelor’s Degree,Classical Music Performance,,"WFNP Radio, French National Honor Society, CY Orchestra, Wind Ensemble, Chamber Ensembles",Senior Engineering Manager,The New York Times,Jan 2021 – Present,1 yr,,App Academy,,Web Development,,,Senior Manager of Engineering,Gatsby,Aug 2020 – Dec 2020,5 mos,,,,,,,Engineering Manager,CircleCI,Jun 2019 – Jan 2020,8 mos,Remote,,,,,,Frontend Engineer & Product Engineer,Manifold,Nov 2017 – Jun 2019,1 yr 8 mos,Remote,,,,,,Software Engineer,Buildit@wiprodigital,Mar 2017 – Oct 2017,8 mos,"Brooklyn, New York",,,,,,,,,,,
Associate Product Manager @ Red Hat  | WebDev Alum @ TKH | NSF Research Scholar | HACU Leader,Product Manager,,,,,,,,,,,,,,,,,,,,,,,,,,,,,,,,,,,,,,,,,,,,,,,,,,,,,,,,,,,,,
Product at BrightHire (We’re hiring!),Product Manager,The University of Texas at Austin,Bachelor of Science,Electrical and Computer Engineering,,,Director of Product (Founding Product Hire),BrightHire,Apr 2021 – Present,9 mos,,,,,,,Senior Product Manager 2,Compass,Oct 2019 – Apr 2021,1 yr 7 mos,Greater New York City Area,,,,,,Senior Product Manager (Ad Tech),Thunder Industries,Feb 2015 – Mar 2018,3 yrs 2 mos,San Francisco Bay Area,,,,,,Data Programmer,Calpine,Apr 2012 – Jan 2014,1 yr 10 mos,"Houston, Texas Area",,,,,,Software Engineer,Cerner Corporation,Jul 2010 – Apr 2012,1 yr 10 mos,"Kansas City, Missouri Area",,,,,,,,,,,
Director of Product Management at Macys.com & Bloomingdales.com,Product Manager,"Rutgers, The State University of New Jersey - Rutgers Business School",Bachelor of Science (BS),Marketing,,,"Director of Product Management (Homepage, Navigation, Browse & Product Pages)",Macys.com & Bloomingdales.com,Jan 2020 – Present,2 yrs,"New York, New York, United States",Human Factors International,Effective Web Design and Usability Certification,,,,Product Manager (Personalization),Bloomingdales.com,May 2014 – Jan 2016,1 yr 9 mos,Greater New York City Area,,,,,,Sr. Product Manager,"PDR Network, LLC",Sep 2010 – May 2014,3 yrs 9 mos,,,,,,,Product Manager,IAC,Sep 2007 – Sep 2010,3 yrs 1 mo,,,,,,,Product Development Associate,Arbinet,Jun 2006 – Aug 2007,1 yr 3 mos,,,,,,,,,,,,
"Senior Product Manager, Consumer at Resy, an American Express company",Product Manager,New School University,BFA,Design and Technology,,,"Senior Product Manager, Consumer","Resy, American Express Global Dining Network",Jan 2020 – Present,2 yrs,,,,,,,"Senior Product Manager, Acquisition and Growth",Flatiron School,Apr 2018 – Jan 2020,1 yr 10 mos,"New York, NY",,,,,,Associate Technology Director / Technical Product Manager,Interbrand,Aug 2015 – May 2018,2 yrs 10 mos,"New York, NY",,,,,,Web Developer,New School University,Nov 2004 – Jul 2011,6 yrs 9 mos,"New York, NY",,,,,,,,,,,,,,,,,,,,,
Product Manager,Product Manager,University of Michigan,Bachelor of Arts (BA),English Literature,,,Senior Product Manager,Code Climate,Jun 2021 – Present,7 mos,"New York, New York, United States",,,,,,Product Manager,Hive,Nov 2019 – Jan 2021,1 yr 3 mos,Greater New York City Area,,,,,,Head of Product / Investor,Strengthlete,Nov 2016 – Jun 2019,2 yrs 8 mos,"Jersey City, NJ",,,,,,Analyst / Product Responsible (Global Treasury - Liquidity Risk Infrastructure),J.P. Morgan,Oct 2014 – Oct 2016,2 yrs 1 mo,Greater New York City Area,,,,,,Technical Product Owner,Tribeca New Music Inc,Jul 2011 – Apr 2013,1 yr 10 mos,NYC,,,,,,,,,,,
"Product Manager | previously at Thumbtack, Apple",Product Manager,Princeton University,BSE,Computer Science,,"Society of Women Engineers, Princeton Women in Computer Science, Mathey College Council","Entrepreneur, Summer 2021 Cohort",Galvanizer,Jul 2021 – Aug 2021,2 mos,,The Chapin School,,,,"New Student Transition Program Founder, Faculty-Selected Peer Leader, Junior Girl Scout Troop Assistant, Varsity Volleyball",Senior Product Manager,Thumbtack,Jan 2019 – Jul 2021,2 yrs 7 mos,San Francisco Bay Area,,,,,,"Engineering PM, Apple Watch Faces, Clock, SOS & Comms",Apple,Aug 2018 – Jan 2019,6 mos,"Cupertino, California, United States",,,,,,Technical Product Owner Intern,Apple,Jun 2015 – Aug 2015,3 mos,"Cupertino, CA",,,,,,Software Engineering Intern,Google,Jun 2014 – Aug 2014,3 mos,Greater New York City Area,,,,,,,,,,,
Product Manager and Data Architect at JPMorgan Chase & Co.,Product Manager,Temple University,Master’s Degree,Computer Science,,,Product Manager and Data Architect in Consumer Risk Management,JPMorgan Chase & Co.,Nov 2020 – Present,1 yr 2 mos,Greater New York City Area,Dong-A University,Bachelor’s Degree,Economics,,,Business Analyst and Project Manager at Counterparty Credit Risk,Bank of America,Aug 2016 – Mar 2017,8 mos,Greater New York City Area,,,,,,Business Analyst and Programmer in Credit Risk and Market Risk Management,MUFG,Feb 2005 – Jul 2011,6 yrs 6 mos,Greater New York City Area,,,,,,Programmer,Accenture,Feb 2003 – Feb 2005,2 yrs 1 mo,Greater Philadelphia Area,,,,,,,,,,,,,,,,,,,,,
"Certified SAFe® Product Owner/Product Manager and Scrum Master experienced with business analysis, IT development, and enterprise-wide project management.",Product Manager,,,,,,,,,,,,,,,,,,,,,,,,,,,,,,,,,,,,,,,,,,,,,,,,,,,,,,,,,,,,,
Fractional COO/CFO who partners with passionate founders to 𝗿𝗲𝗮𝗰𝗵 𝘀𝘂𝗰𝗰𝗲𝘀𝘀𝗳𝘂𝗹 𝗲𝘅𝗶𝘁𝘀 (five M&As so far).,Finance,,,,,,,,,,,,,,,,,,,,,,,,,,,,,,,,,,,,,,,,,,,,,,,,,,,,,,,,,,,,,
Associate Director of Finance and Grants at Columbia University in the City of New York,Finance,,,,,,,,,,,,,,,,,,,,,,,,,,,,,,,,,,,,,,,,,,,,,,,,,,,,,,,,,,,,,
"Adjunct Professor, NYU Tandon and NYU Courant",Finance,Massachusetts Institute of Technology,S.B.,Mathematics,,,"Adj prof, Math in Finance (Courant) and Finance and Risk Engineering (Tandon)",New York University,Sep 2018 – Present,3 yrs 4 mos,"New York, NY and Brooklyn, NY",Brown University,Ph.D. program (ABD),Mathematics (algebraic number theory),,,Director,"RBC Capital Markets, LLC",May 2009 – Aug 2016,7 yrs 4 mos,"New York, NY",,,,,,"Principal and Senior Trader, Banc of America Securities LLC",Bank of America,Jun 2006 – Nov 2007,1 yr 6 mos,"New York, NY",,,,,,"Consultant, Countrywide Securities",Countrywide Capital Markets,Nov 2003 – Apr 2006,2 yrs 6 mos,"Calabasas, CA and New York, NY",,,,,,Vice President,Goldman Sachs,Jul 2000 – Feb 2003,2 yrs 8 mos,"New York, NY",,,,,,,,,,,
Finance and Operations at Canvas Construction (We're Hiring!),Finance,Tufts University,BA,English,,,VP of Finance,Canvas Construction (We're Hiring!),May 2018 – Present,3 yrs 8 mos,San Francisco Bay Area,Bentley University,MBA,Accounting,,,Board Member and Director of Finance Leader Engagement,StartupExperts,Jan 2020 – Present,2 yrs,San Francisco Bay Area,,,,,,VP of Finance,MyTime,Sep 2017 – May 2018,9 mos,San Francisco Bay Area,,,,,,Head of Finance,Patreon,Aug 2016 – Sep 2017,1 yr 2 mos,San Francisco Bay Area,,,,,,Head of Finance,Kitchensurfing [Ceased Operations May 2016],Sep 2015 – Jun 2016,10 mos,"New York, New York",,,,,,,,,,,
PhD candidate in Finance and Economics,Finance,Columbia Business School,Doctor of Philosophy (Ph.D.),Finance and Economics,,,"Quantitative Researcher, Team KEPL",Cubist Systematic Strategies,May 2020 – Aug 2020,4 mos,"New York, New York, United States",Columbia University - Columbia Business School,Master’s Degree,Financial Economics,,,Summer Analyst - Fundamental Equity,BlackRock,Jun 2016 – Aug 2016,3 mos,Hong Kong,Peking University,Bachelor’s Degree,"Financial Economics, Guanghua School of Management",,CMA,FX Markets Intern,Deutsche Bank,Aug 2014 – Feb 2015,7 mos,Beijing,,,,,,,,,,,,,,,,,,,,,,,,,,,,,,,
Founder & CEO at The Kinetic Group,Finance,Columbia Business School,MBA,Strategic Management & Finance,,,Founder & CEO,The Kinetic Group,Jan 2001 – Present,21 yrs,"New York, NY",University of Minnesota,BA,Economics & Sociology,,,Co-Founder & Managing Director,Expansion Energy LLC,Sep 2007 – Present,14 yrs 4 mos,"New York, NY",,,,,,,,,,,,,,,,,,,,,,,,,,,,,,,,,,,,,,,,,
Operations professional supporting sustainability oriented organizations,Finance,Columbia University in the City of New York,Master of Science (M.S.),Sustainability Management,,"SUMA Net Impact, Spring 2018 Capstone with Westport, CT","Manager, Finance and Operations",Sustainable Development Solutions Network,Mar 2018 – Present,3 yrs 10 mos,"New York, New York",Johnson and Wales University,"Bachelors of Science (B.S.), Associates of Science (A.S.)","Food Service Management, Culinary Arts",,"Oenology concentration,Internship with and Trade Exhibitor for Easy Entertaining RI LLC","Director of Communications, SUMA Net Impact Chapter",Net Impact,Jan 2016 – Dec 2016,12 mos,Greater New York City Area,Harvard Extension School,,,,,,,,,,,,,,,,,,,,,,,,,,,,,,,,,,,,,,,,
"Director of Editorial Operations, WNYC Studios",Finance,,,,,,,,,,,,,,,,,,,,,,,,,,,,,,,,,,,,,,,,,,,,,,,,,,,,,,,,,,,,,
Implementer | Active Learner | Detail-oriented Person | Actuarial Science | Finance and Risk Management | Data Analysis,Finance,Columbia University in the City of New York,Master of Science - MS,Operations Research,,,Data Analyst Assistant,"Shenzhen Qianhai Data Management Consulting Co., Ltd",May 2020 – Sep 2020,5 mos,"Shenzhen, Guangdong, China",Purdue University,Bachelor of Science - BS,Actuarial Science; Applied Statistics; Management,,,Exam Procter,Columbia University in the City of New York,Oct 2019 – May 2020,8 mos,Greater New York City Area,Waubonsie Valley High School,High School Diploma,,,,Trust and Operations Intern,"China Resources SZITIC Trust Co. , Ltd.",May 2018 – Jul 2018,3 mos,"Shenzhen, Guangdong, China",,,,,,Data Collector,Purdue University,Oct 2016 – Nov 2016,2 mos,"West Lafayette, IN",,,,,,Private Rental Management Assistant,Family Owned Properties,May 2016 – Aug 2016,4 mos,"Shenzhen, Guangdong, China",,,,,,,,,,,
"Vice President, Counsel - Practice Group Head - Equipment Leasing and Finance",Finance,,,,,,,,,,,,,,,,,,,,,,,,,,,,,,,,,,,,,,,,,,,,,,,,,,,,,,,,,,,,,
High Yield Credit Analyst at New York Life Investments,Finance,University of Pennsylvania - The Wharton School,Bachelor of Science (B.S.),"Finance, Operations & Information Management, Music",,,"Director, High Yield Credit Analyst",New York Life Investments,Jun 2017 – Present,4 yrs 8 mos,"New York, New York",,,,,,Associate,Shenkman Capital Management,Dec 2013 – May 2017,3 yrs 6 mos,"New York, New York",,,,,,Investment Banking Analyst,Bank of America Merrill Lynch,Aug 2012 – Nov 2013,1 yr 4 mos,"New York, New York",,,,,,Summer Analyst,Bank of America Merrill Lynch,Jun 2011 – Aug 2011,3 mos,"New York, New York",,,,,,,,,,,,,,,,,,,,,
Financial Advisor at Northwestern Mutual,Finance,Monroe College-New Rochelle,Bachelor of Business Administration (B.B.A.),Accounting and Finance,,,Financial Advisor,Northwestern Mutual,Mar 2021 – Nov 2021,9 mos,Atlanta Metropolitan Area,Central Islip Senior Highschool,Regents Diploma,,,,Financial Advisor,Veludi,May 2019 – Jan 2021,1 yr 9 mos,,,,,,,Account Manager,Straight Line Source,Sep 2018 – Apr 2019,8 mos,"Uniondale, New York",,,,,,NYL title: Agent,New York Life Insurance Company,Jan 2018 – Sep 2018,9 mos,Rego Park Queens Area,,,,,,Tax preparer,Liberty Tax Service,Jan 2015 – Apr 2018,3 yrs 4 mos,,,,,,,,,,,,
National Sales and General Management Executive,Sales,Fordham University,,,,,US National Sales Manager:  Nude Glass,Pasabahce,Oct 2018 – Present,3 yrs 4 mos,Greater New York City Area,,,,,,National Sales Manager,French Bull,Jan 2016 – Sep 2018,2 yrs 9 mos,Greater New York City Area,,,,,,US Sales Director,Daum - Haviland,2011 – 2015,4 yrs,Greater New York City Area,,,,,,Vice President - US Subsidiary,Richard Ginori 1735,2004 – 2010,6 yrs,,,,,,,Vice President,Baccarat,Jul 1997 – Nov 2004,7 yrs 5 mos,,,,,,,,,,,,
"Assistant Director, Tourism Sales and Marketing - MoMA",Sales,Ohio University,Bachelor of Science,Journalism,,,"Assistant Director, Tourism Sales and Marketing",The Museum of Modern Art,Sep 2014 – Present,7 yrs 5 mos,Greater New York City Area,,,,,,Tourism Marketing Manager,The Metropolitan Museum of Art,Dec 2010 – Sep 2014,3 yrs 10 mos,"New York, NY",,,,,,Marketing associate,Theatre Direct/Broadway.com,Mar 2008 – Dec 2010,2 yrs 10 mos,"New York, NY",,,,,,Marketing Intern,Paul Taylor Dance Company,Sep 2007 – Mar 2008,7 mos,"New York, NY",,,,,,Copy Editor,Chautauquan Daily,Jun 2007 – Aug 2007,3 mos,,,,,,,,,,,,
SENIOR DIRECTOR OF SALES AND NEW BUSINESS DEVELOPMENT,Sales,Oklahoma State University,Bachelor of Science (BS),"Sports Management and Adminstration , Sports Medicine",,Scholarship for Baseball,Senior Director of Sales and New Business Development,Clear Choice Retail,Apr 2017 – Present,4 yrs 10 mos,"Bentonville, Arkansas",Trindad State Junior College,,"Sports Managemant, Phyiscal Education",,Scholarship For Baseball,Southeast Business Development Manager,Odds On Promotions,Aug 2016 – Apr 2017,9 mos,"Reno, Nevada Area",,,,,,Director of Recruiting and Digital Sales,Mascot Media LLC,May 2016 – Jun 2016,2 mos,"Fayetteville, Arkansas Area",,,,,,Sales Representative,E &J Solutions LLC,Aug 2015 – May 2016,10 mos,"Rogers, Arkansas",,,,,,National Account Executive,Rymax Marketing Services,Apr 2009 – Jul 2015,6 yrs 4 mos,Pine Brook  NJ,,,,,,,,,,,"Marketing Strategy,Sales Management,Sales"
Director of Sales and New Verticals,Sales,Middlebury College,Bachelor of Arts,History of Art and Architecture,,,Interim Sales Team Lead,"BCV, A RateGain Company",Oct 2021 – Present,4 mos,"New York, New York",,,,,,Director of Business Development - MICE,Shangri-La Hotels and Resorts,Dec 2014 – Jul 2017,2 yrs 8 mos,"New York, New York",,,,,,Account Manager - Meetings and Incentives,"Kerry Hotel, Beijing",Jun 2013 – Sep 2014,1 yr 4 mos,"Beijing, China",,,,,,Assistant Director of Operations,bmkCONCEPTS,Sep 2011 – Jan 2012,5 mos,Beijing,,,,,,"Supervisor, Maitre d'",Next Door Casual Dining,Aug 2010 – Dec 2010,5 mos,"Montclair, NJ",,,,,,,,,,,"Hospitality,Event Management,Hotels"
"Director, Enterprise Systems Integration at Weill Cornell Medicine, Columbia Doctors, and New York Presbyterian Hospital",Sales,,,,,,"Director, Enterprise Systems Integration","Weill Cornell Medicine, Columbia Doctors, and New York Presbyterian Hospital",May 2018 – Present,3 yrs 9 mos,"New York, New York, United States",,,,,,"Director, Enterprise Systems Integration",Weill Cornell Medicine,Jan 2018 – May 2018,5 mos,,,,,,,BUSINESS/PROGRAMMER ANALYST,MedPartners,Aug 1998 – Feb 2000,1 yr 7 mos,"Pembroke Pines, Florida",,,,,,IMPLEMENTATION/PROGRAMMER ANALYST,Interim HealthCare Inc.,Mar 1997 – Aug 1998,1 yr 6 mos,"Fort Lauderdale, Florida",,,,,,System Support Specialist,InPhynet Medical Management,Jul 1996 – Mar 1997,9 mos,"Pembroke Pines, Florida",,,,,,,,,,,
Senior Account Executive at Drop Technologies,Sales,Hofstra University,Bachelor of Arts degree,Communications,,,Senior Account Executive,Drop,Oct 2021 – Present,4 mos,New York City Metropolitan Area,St Anthony's High School,,,,,Business Development Consultant,Stories Company,Dec 2018 – Nov 2021,3 yrs,NYC,State University of New York at Oswego,Bachelor of Arts (BA),Communications,,,Director Of Business Development,HARK Connect™,Dec 2020 – Apr 2021,5 mos,New York City Metropolitan Area,,,,,,Director of Business Development,GreenBook,Feb 2014 – Jun 2018,4 yrs 5 mos,"New York, NY",,,,,,Director of Sales,Advertising Research Foundation,Jun 2005 – Dec 2013,8 yrs 7 mos,"New York, NY",,,,,,,,,,,
Assistant Director of Sales and Leasing / Playwright / Photographer,Sales,Florida Atlantic University,,,,,Assistant Director of Sales and Leasing,"Solstice Residential Group, LLC",Jun 2021 – Present,8 mos,Greater New York City Area,New World School of the Arts,,Theatre/Theater,,,Social Media / Graphic Designer / Photographer,Naughty Jewish Boys Calendar,Feb 2014 – Present,8 yrs,Greater New York City Area,,,,,,Playwright,Cross-Eyed Bear Productions,Apr 1995 – Present,26 yrs 10 mos,,,,,,,Contract Administrator/ Administrative Assistant,Columbia Artists Management,Nov 2016 – Jun 2021,4 yrs 8 mos,Greater New York City Area,,,,,,JCK Administrative Concierge,JaydenStar,Apr 2016 – Jun 2021,5 yrs 3 mos,Greater New York City Area,,,,,,,,,,,
Federal Government Contracts Attorney,Lawyer,,,,,,,,,,,,,,,,,,,,,,,,,,,,,,,,,,,,,,,,,,,,,,,,,,,,,,,,,,,,,
"International Environmental Lawyer and Principal, Beveridge & Diamond, P.C.",Lawyer,"American University, Washington College of Law",JD,Environmental Law,,Journal of International Law and Policy,Principal,"Beveridge & Diamond, P.C.",Oct 1990 – Present,31 yrs 4 mos,Washington D.C. Metro Area,Providence College,BA,English,,,,,,,,,,,,,,,,,,,,,,,,,,,,,,,,,,,,,,,,,,,,,,,,
"Employment, Labor & Benefits Associate at Mintz",Lawyer,,,,,,,,,,,,,,,,,,,,,,,,,,,,,,,,,,,,,,,,,,,,,,,,,,,,,,,,,,,,,
Lawyer and Criminal Justice Reform Specialist,Lawyer,University of Ottawa,Master of Arts (M.A.),Criminology,,Criminology Graduate Students Association,Consultant,Organization of American States,Jan 2015 – Present,7 yrs 1 mo,Washington D.C. Metro Area,Universidade de São Paulo,Bachelor's degree,Law,,Legal clinic - Departamento Jurídico XI de Agosto; Volleyball Athletic Team; Organizing Team of graduation party,Graduate Student and Teaching Assistant,University of Ottawa,Sep 2012 – Sep 2014,2 yrs 1 mo,,,,,,,Intern,International Centre for the Prevention of Crime (ICPC),Oct 2011 – Apr 2012,7 mos,,,,,,,Lawyer,Departamento Jurídico XI de Agosto,Dec 2010 – Jul 2011,8 mos,,,,,,,Lawyer,"Podval, Antun, Indalecio Advogados Associados",Feb 2011 – Apr 2011,3 mos,,,,,,,,,,,,
Experienced Labor Lawyer and non-profit manager,Lawyer,"University of California, Berkeley - School of Law",Doctor of Law - JD,,,,Of Counsel,Solidarity Center,Sep 2017 – Present,4 yrs 5 mos,"Washington, D.C.",Harvard University,Bachelor of Arts - BA,,,,Visiting Scholar,"University of California, Berkeley Labor Center",Sep 2017 – Present,4 yrs 5 mos,,,,,,,Chief of Staff and Executive Assistant to the President,AFL-CIO,Oct 2009 – Jun 2017,7 yrs 9 mos,"Washington, D.C.",,,,,,General Counsel,Service Employees International Union (SEIU),Jan 1987 – Jan 1996,9 yrs 1 mo,"Washington, D.C.",,,,,,,,,,,,,,,,,,,,,
"J.D. Candidate, The George Washington University Law School",Lawyer,The George Washington University Law School,Doctor of Law - JD,,,"University Student Association, Student Bar Association, Asian Pacific American Law Student Association, East Asian Law Society","Executive Vice President, Student Bar Association",The George Washington University Law School,Apr 2021 – Present,10 mos,"Washington, District of Columbia, United States",New York University,Bachelor of Arts - BA,International Relations and Affairs,,"Phi Beta Kappa, New York University Model United Nations, International Relations Society at New York University, New York University Policy Case Competition",Member,International Law in Domestic Courts Journal,Jul 2020 – Present,1 yr 7 mos,"Washington, District of Columbia, United States",Waseda University,International Exchange Student,School of Political Science and Economics,,,"Chief Justice, Student Court",The George Washington University Student Association,May 2021 – Present,9 mos,"Washington, District of Columbia, United States",,,,,,"Fall Intern, Office of the Solicitor General",Office of the Attorney General for the District of Columbia,Sep 2021 – Nov 2021,3 mos,"Washington, District of Columbia, United States",,,,,,"Judicial Intern to the Honorable Jonathan Biran, Court of Appeals of Maryland",Maryland Judiciary,May 2021 – Aug 2021,4 mos,"Annapolis, Maryland, United States",,,,,,,,,,,
"Senior Advisor, Civilian Harm Mitigation at Defense Security Cooperation Agency; USAF veteran and lawyer",Lawyer,Harvard Law School,Juris Doctor,Public International Law and National Security Law,,"Research Assistant for Harvard Law Program on International Law and Armed Conflict; Co-President Armed Forces Association; Harvard Graduate Student Leadership Institute; Pfoho House non-resident fellow; Advocates for Human Rights; Human Rights Clinic (field mission to Ukraine); Clara Barton moot court, 2nd place; Pictet IHL moot court semi-finalist.",Flight Commander,US Air Force Reserve,Mar 2021 – Present,11 mos,,Yale University,Master of Global Affairs,Conflict Resolution and Reconstruction,,,"Senior Advisor, Civilian Harm Mitigation",Defense Security Cooperation Agency,May 2019 – Present,2 yrs 9 mos,,University of Pennsylvania,BA,"International Relations, Psychology, Political Science",,,Term Member,Council on Foreign Relations,Jun 2021 – Present,8 mos,"Washington, District of Columbia, United States",,,,,,Next Generation National Security Fellow,Center for a New American Security (CNAS),Mar 2021 – Present,11 mos,,,,,,,Truman National Security Project Fellow,Truman National Security Project,Dec 2016 – Present,5 yrs 2 mos,,,,,,,,,,,,
"Partner, Cashdan & Kane PLLC",Lawyer,University of Michigan Law School,J.D.,,,,Board of Governors,College of Labor and Employment Lawyers,Jan 2015 – Present,7 yrs 1 mo,Annapolis MD,Oberlin College,B.A. Government,"Government, Economics",,Mock Convention (platform Chairman for the State of Alabama in mock presidential convention for the out of office party which at the time was the Democratic Party.,Partner,Cashdan & Kane PLLC,,,,Southwest High School,,,,,Partner,Cashdan & Kane PLLC,Jan 2000 – Present,22 yrs 1 mo,,,,,,,Board Member,National Employment Lawyers Association,2002 – 2014,12 yrs,,,,,,,,,,,,,,,,,,,,,,
"Employment, Whistleblower, and Civil Rights Lawyer",Lawyer,Howard University School of Law,JD,,,,Managing Principal,"The Employment Law Group, P.C.",2002 – Present,20 yrs,,University of Virginia,B.A.,Economics,,,,,,,,Sidwell Friends School,,,,,,,,,,,,,,,,,,,,,,,,,,,,,,,,,,,,,,,,
Director and Lawyer,Lawyer,Stanford University Law School,Juris Doctor (J.D.),,,,Director,Natural Resources Defense Council (NRDC),2007 – Present,15 yrs,Washington D.C. Metro Area,Yale University,Bachelor's Degree,,,,Associate,Powell Goldstein LLP,1991 – 1993,2 yrs,Washington D.C. Metro Area,,,,,,Judicial Law Clerk,Alaska Supreme Court,1990 – 1991,1 yr,"Anchorage, Alaska",,,,,,,,,,,,,,,,,,,,,,,,,,,,,,,
